{"version":"0.4","title":"Tentenpagina template","type":"page","content":[{"id":"upxqiep","elType":"section","settings":[],"elements":[{"id":"lojdtpn","elType":"column","settings":{"_column_size":100},"elements":[{"id":"iykfmds","elType":"widget","settings":{"title":"Patrouilletent Europa 4x4m","align":"center"},"elements":[],"widgetType":"heading"}],"isInner":false}],"isInner":false},{"id":"invedwo","elType":"section","settings":{"structure":"21"},"elements":[{"id":"yzbhutv","elType":"column","settings":{"_column_size":33,"_inline_size":40},"elements":[{"id":"oyuagcx","elType":"widget","settings":{"image":{"url":"http:\/\/t-eventrent.be\/wp-content\/uploads\/2017\/07\/4x4-1.jpg","id":156}},"elements":[],"widgetType":"image"}],"isInner":false},{"id":"nigqyzx","elType":"column","settings":{"_column_size":66,"_inline_size":59.997},"elements":[{"id":"enfkrmp","elType":"widget","settings":{"editor":"<p>Dit is een dubbeldaks patrouilletent van katoen&amp; polyester(300 g\/m\u00b2 doek binnen en buiten).\u00a0Deze tenten zijn geschikt om per tent 5-7 leden te huizen met bagage. Zonder bagage kan deze tent gemakkelijk 12+ leden huizen.<\/p><p>Afmetingen:<br \/>\u2013 16 m\u00b2 op de grond;<br \/>\u2013 210 cm hoog in het midden;<br \/>\u2013 60 cm hoog bij de\u00a0zijkanten.<br \/>Gewicht: 45 kg.<\/p><p>Tentpalen en noklat zijn gemaakt van gegalvaniseerd staal. Dubbele sluiting: nylon ritsen en lussen en ogen. Tentharingen en een grondzeil (grijs polyester\/pvc van 450 g\/m\u00b2) zijn in de prijs begrepen.<\/p><p>De tent wordt opgeborgen in een stoffen zak.<\/p>"},"elements":[],"widgetType":"text-editor"},{"id":"umhbbgb","elType":"section","settings":{"structure":"20"},"elements":[{"id":"hhrexqz","elType":"column","settings":{"_column_size":50,"_inline_size":34.122},"elements":[{"id":"cslfueg","elType":"widget","settings":{"text":"Verhuuraanvraag","link":{"url":"verhuur","is_external":"","nofollow":""},"size":"md","background_color":"#618985","border_radius":{"unit":"px","top":"2","right":"2","bottom":"2","left":"2","isLinked":true}},"elements":[],"widgetType":"button"}],"isInner":true},{"id":"vghyxbk","elType":"column","settings":{"_column_size":50,"_inline_size":65.872},"elements":[{"id":"vxehafj","elType":"widget","settings":{"text":"Verkoopanvraag","link":{"url":"verkoop","is_external":"","nofollow":""},"size":"md","background_color":"#618985","button_background_hover_color":"#8aa89f","border_radius":{"unit":"px","top":"2","right":"2","bottom":"2","left":"2","isLinked":true}},"elements":[],"widgetType":"button"}],"isInner":true}],"isInner":true}],"isInner":false}],"isInner":false},{"id":"rpyveuu","elType":"section","settings":{"stretch_section":"section-stretched"},"elements":[{"id":"fcgmhws","elType":"column","settings":{"_column_size":100},"elements":[{"id":"eqinrhs","elType":"widget","settings":{"wp":{"title":"","template_id":"159"}},"elements":[],"widgetType":"wp-widget-elementor-library"}],"isInner":false}],"isInner":false}],"data":[{"id":"upxqiep","settings":[],"elements":[{"id":"lojdtpn","settings":{"_column_size":100},"elements":[{"id":"iykfmds","settings":{"title":"Patrouilletent Europa 4x4m","align":"center"},"elements":[],"isInner":false,"widgetType":"heading","elType":"widget"}],"isInner":false,"elType":"column"}],"isInner":false,"elType":"section"},{"id":"invedwo","settings":{"structure":"21"},"elements":[{"id":"yzbhutv","settings":{"_column_size":33,"_inline_size":40},"elements":[{"id":"oyuagcx","settings":{"image":{"url":"http:\/\/t-eventrent.be\/wp-content\/uploads\/2017\/07\/4x4-1.jpg","id":156}},"elements":[],"isInner":false,"widgetType":"image","elType":"widget"}],"isInner":false,"elType":"column"},{"id":"nigqyzx","settings":{"_column_size":66,"_inline_size":59.997},"elements":[{"id":"enfkrmp","settings":{"editor":"<p>Dit is een dubbeldaks patrouilletent van katoen&amp; polyester(300 g\/m\u00b2 doek binnen en buiten).\u00a0Deze tenten zijn geschikt om per tent 5-7 leden te huizen met bagage. Zonder bagage kan deze tent gemakkelijk 12+ leden huizen.<\/p><p>Afmetingen:<br \/>\u2013 16 m\u00b2 op de grond;<br \/>\u2013 210 cm hoog in het midden;<br \/>\u2013 60 cm hoog bij de\u00a0zijkanten.<br \/>Gewicht: 45 kg.<\/p><p>Tentpalen en noklat zijn gemaakt van gegalvaniseerd staal. Dubbele sluiting: nylon ritsen en lussen en ogen. Tentharingen en een grondzeil (grijs polyester\/pvc van 450 g\/m\u00b2) zijn in de prijs begrepen.<\/p><p>De tent wordt opgeborgen in een stoffen zak.<\/p>"},"elements":[],"isInner":false,"widgetType":"text-editor","elType":"widget"},{"id":"umhbbgb","settings":{"structure":"20"},"elements":[{"id":"hhrexqz","settings":{"_column_size":50,"_inline_size":34.122},"elements":[{"id":"cslfueg","settings":{"text":"Verhuuraanvraag","link":{"url":"verhuur","is_external":"","nofollow":""},"size":"md","background_color":"#618985","border_radius":{"unit":"px","top":"2","right":"2","bottom":"2","left":"2","isLinked":true}},"elements":[],"isInner":false,"widgetType":"button","elType":"widget"}],"isInner":true,"elType":"column"},{"id":"vghyxbk","settings":{"_column_size":50,"_inline_size":65.872},"elements":[{"id":"vxehafj","settings":{"text":"Verkoopanvraag","link":{"url":"verkoop","is_external":"","nofollow":""},"size":"md","background_color":"#618985","button_background_hover_color":"#8aa89f","border_radius":{"unit":"px","top":"2","right":"2","bottom":"2","left":"2","isLinked":true}},"elements":[],"isInner":false,"widgetType":"button","elType":"widget"}],"isInner":true,"elType":"column"}],"isInner":true,"elType":"section"}],"isInner":false,"elType":"column"}],"isInner":false,"elType":"section"},{"id":"rpyveuu","settings":{"stretch_section":"section-stretched"},"elements":[{"id":"fcgmhws","settings":{"_column_size":100},"elements":[{"id":"eqinrhs","settings":{"wp":{"title":"","template_id":"159"}},"elements":[],"isInner":false,"widgetType":"wp-widget-elementor-library","elType":"widget"}],"isInner":false,"elType":"column"}],"isInner":false,"elType":"section"}]}