{"version":"0.4","title":"Foto met tekst","type":"section","content":[{"id":"ijfluzt","elType":"section","settings":{"stretch_section":"section-stretched","layout":"full_width","height":"min-height","custom_height":{"unit":"px","size":700},"structure":"34","background_background":"classic","background_image":{"url":"http:\/\/t-eventrent.be\/wp-content\/uploads\/2017\/07\/pexels-photo-508095.jpg","id":41},"background_size":"cover","background_overlay_background":"classic","background_overlay_color":"rgba(0,0,0,0.99)","background_overlay_opacity":{"unit":"px","size":0.29}},"elements":[{"id":"uispazv","elType":"column","settings":{"_column_size":16,"_inline_size":25.047},"elements":[],"isInner":false},{"id":"zkbwawc","elType":"column","settings":{"_column_size":66,"_inline_size":49.907},"elements":[{"id":"jymmncy","elType":"widget","settings":{"title":"Tenten huren? Je bent aan het juiste adres","header_size":"h1","align":"center"},"elements":[],"widgetType":"heading"}],"isInner":false},{"id":"gxqydde","elType":"column","settings":{"_column_size":16,"_inline_size":25.044},"elements":[],"isInner":false}],"isInner":false}],"data":[{"id":"ijfluzt","settings":{"stretch_section":"section-stretched","layout":"full_width","height":"min-height","custom_height":{"unit":"px","size":700},"structure":"34","background_background":"classic","background_image":{"url":"http:\/\/t-eventrent.be\/wp-content\/uploads\/2017\/07\/pexels-photo-508095.jpg","id":41},"background_size":"cover","background_overlay_background":"classic","background_overlay_color":"rgba(0,0,0,0.99)","background_overlay_opacity":{"unit":"px","size":0.29}},"elements":[{"id":"uispazv","settings":{"_column_size":16,"_inline_size":25.047},"elements":[],"isInner":false,"elType":"column"},{"id":"zkbwawc","settings":{"_column_size":66,"_inline_size":49.907},"elements":[{"id":"jymmncy","settings":{"title":"Tenten huren? Je bent aan het juiste adres","header_size":"h1","align":"center"},"elements":[],"isInner":false,"widgetType":"heading","elType":"widget"}],"isInner":false,"elType":"column"},{"id":"gxqydde","settings":{"_column_size":16,"_inline_size":25.044},"elements":[],"isInner":false,"elType":"column"}],"isInner":false,"elType":"section"}]}