{"version":"0.4","title":"Al onze tenten","type":"section","content":[{"id":"zvxblys","elType":"section","settings":{"gap":"no","structure":"40","margin":{"unit":"px","top":"50","right":0,"bottom":"50","left":0,"isLinked":true},"stretch_section":"section-stretched","content_width":{"unit":"px","size":1200},"background_background":"classic","background_color":"#efefef","padding":{"unit":"px","top":"020","right":"0","bottom":"020","left":"0","isLinked":false}},"elements":[{"id":"ilyfyss","elType":"column","settings":{"_column_size":25,"_inline_size":null,"margin":{"unit":"px","top":"0","right":"10","bottom":"0","left":"10","isLinked":false}},"elements":[{"id":"jtvjqar","elType":"section","settings":{"background_background":"classic","background_color":"#ffffff","margin":{"unit":"px","top":"0","right":0,"bottom":"0","left":0,"isLinked":true}},"elements":[{"id":"bpazieg","elType":"column","settings":{"_column_size":100,"_inline_size":null,"padding":{"unit":"px","top":"0","right":"0","bottom":"0","left":"0","isLinked":true}},"elements":[{"id":"bnxjvsw","elType":"widget","settings":{"image":{"url":"http:\/\/t-eventrent.be\/wp-content\/uploads\/2017\/07\/4x4.jpg","id":116},"image_size":"custom","image_custom_dimension":{"width":"500","height":"500"},"_margin":{"unit":"px","top":"0","right":"0","bottom":"-20","left":"0","isLinked":false},"_background_background":"classic","_background_color":"#ffffff"},"elements":[],"widgetType":"image"},{"id":"mxtwwqm","elType":"widget","settings":{"title":"Patrouilletent 4x4m","header_size":"h3","title_color":"#576255","_margin":{"unit":"px","top":"0","right":"0","bottom":"0","left":"0","isLinked":false},"_padding":{"unit":"em","top":"1","right":"0","bottom":"0","left":"1","isLinked":false},"_background_background":"classic","_background_color":"#ffffff"},"elements":[],"widgetType":"heading"},{"id":"mwjowrw","elType":"widget","settings":{"button_type":"info","text":"Meer","size":"xs","typography_typography":"custom","typography_font_size":{"unit":"em","size":1},"typography_font_family":"Roboto Condensed","typography_font_weight":"500","typography_text_transform":"uppercase","typography_line_height":{"unit":"em","size":0.7},"typography_letter_spacing":{"unit":"px","size":0.1},"button_text_color":"#000000","background_color":"#f7dd72","hover_color":"#000000","button_background_hover_color":"#94e8b4","text_padding":{"unit":"px","top":"0","right":"0","bottom":"0","left":"0","isLinked":true},"_margin":{"unit":"px","top":"-15","right":"0","bottom":"0","left":"0","isLinked":false},"_padding":{"unit":"em","top":"0","right":"0","bottom":"0.4","left":"1","isLinked":false},"_background_background":"classic","_background_color":"#ffffff","link":{"url":"tenten\/4x4","is_external":"","nofollow":""}},"elements":[],"widgetType":"button"}],"isInner":true}],"isInner":true}],"isInner":false},{"id":"cumrorq","elType":"column","settings":{"_column_size":25,"_inline_size":null,"margin":{"unit":"px","top":"0","right":"10","bottom":"0","left":"10","isLinked":false}},"elements":[{"id":"ftzsflu","elType":"section","settings":{"background_background":"classic","background_color":"#ffffff","margin":{"unit":"px","top":"0","right":0,"bottom":"0","left":0,"isLinked":true}},"elements":[{"id":"twzpheg","elType":"column","settings":{"_column_size":100,"_inline_size":null,"padding":{"unit":"px","top":"0","right":"0","bottom":"0","left":"0","isLinked":true}},"elements":[{"id":"ytbhlwz","elType":"widget","settings":{"image":{"url":"http:\/\/t-eventrent.be\/wp-content\/uploads\/2017\/07\/4x6.jpg","id":117},"image_size":"custom","image_custom_dimension":{"width":"500","height":"500"},"_margin":{"unit":"px","top":"0","right":"0","bottom":"-20","left":"0","isLinked":false},"_background_background":"classic","_background_color":"#ffffff"},"elements":[],"widgetType":"image"},{"id":"hdwlnfz","elType":"widget","settings":{"title":"Patrouilletent 4x6m","header_size":"h3","title_color":"#576255","_margin":{"unit":"px","top":"0","right":"0","bottom":"0","left":"0","isLinked":false},"_padding":{"unit":"em","top":"1","right":"0","bottom":"0","left":"1","isLinked":false},"_background_background":"classic","_background_color":"#ffffff"},"elements":[],"widgetType":"heading"},{"id":"zmwjytk","elType":"widget","settings":{"button_type":"info","text":"Meer","size":"xs","typography_typography":"custom","typography_font_size":{"unit":"em","size":1},"typography_font_family":"Roboto Condensed","typography_font_weight":"500","typography_text_transform":"uppercase","typography_line_height":{"unit":"em","size":0.7},"typography_letter_spacing":{"unit":"px","size":0.1},"button_text_color":"#000000","background_color":"#f7dd72","hover_color":"#000000","button_background_hover_color":"#94e8b4","text_padding":{"unit":"px","top":"0","right":"0","bottom":"0","left":"0","isLinked":true},"_margin":{"unit":"px","top":"-15","right":"0","bottom":"0","left":"0","isLinked":false},"_padding":{"unit":"em","top":"0","right":"0","bottom":"00.4","left":"1","isLinked":false},"_background_background":"classic","_background_color":"#ffffff","link":{"url":"tenten\/4x6","is_external":"","nofollow":""}},"elements":[],"widgetType":"button"}],"isInner":true}],"isInner":true}],"isInner":false},{"id":"eumyyap","elType":"column","settings":{"_column_size":25,"_inline_size":null,"margin":{"unit":"px","top":"0","right":"10","bottom":"0","left":"10","isLinked":false}},"elements":[{"id":"bxalvme","elType":"section","settings":{"background_background":"classic","background_color":"#ffffff","margin":{"unit":"px","top":"0","right":0,"bottom":"0","left":0,"isLinked":true}},"elements":[{"id":"cbqkcfb","elType":"column","settings":{"_column_size":100,"_inline_size":null,"padding":{"unit":"px","top":"0","right":"0","bottom":"0","left":"0","isLinked":true}},"elements":[{"id":"qyjbunj","elType":"widget","settings":{"image":{"url":"http:\/\/t-eventrent.be\/wp-content\/uploads\/2017\/07\/10x5.jpg","id":118},"image_size":"custom","image_custom_dimension":{"width":"500","height":"500"},"_margin":{"unit":"px","top":"0","right":"0","bottom":"-20","left":"0","isLinked":false},"_background_background":"classic","_background_color":"#ffffff"},"elements":[],"widgetType":"image"},{"id":"kpogrxt","elType":"widget","settings":{"title":"Muurtent 10x5m","header_size":"h3","title_color":"#576255","_margin":{"unit":"px","top":"0","right":"0","bottom":"0","left":"0","isLinked":false},"_padding":{"unit":"em","top":"1","right":"0","bottom":"0","left":"1","isLinked":false},"_background_background":"classic","_background_color":"#ffffff"},"elements":[],"widgetType":"heading"},{"id":"zxpafpe","elType":"widget","settings":{"button_type":"info","text":"Meer","size":"xs","typography_typography":"custom","typography_font_size":{"unit":"em","size":1},"typography_font_family":"Roboto Condensed","typography_font_weight":"500","typography_text_transform":"uppercase","typography_line_height":{"unit":"em","size":0.7},"typography_letter_spacing":{"unit":"px","size":0.1},"button_text_color":"#000000","background_color":"#f7dd72","hover_color":"#000000","button_background_hover_color":"#94e8b4","text_padding":{"unit":"px","top":"0","right":"0","bottom":"0","left":"0","isLinked":true},"_margin":{"unit":"px","top":"-15","right":"0","bottom":"0","left":"0","isLinked":false},"_padding":{"unit":"em","top":"0","right":"0","bottom":"00.4","left":"1","isLinked":false},"_background_background":"classic","_background_color":"#ffffff","link":{"url":"tenten\/10x5","is_external":"","nofollow":""}},"elements":[],"widgetType":"button"}],"isInner":true}],"isInner":true}],"isInner":false},{"id":"dacxvkd","elType":"column","settings":{"_column_size":25,"_inline_size":null,"margin":{"unit":"px","top":"0","right":"10","bottom":"0","left":"10","isLinked":false}},"elements":[{"id":"liufxhy","elType":"section","settings":{"background_background":"classic","background_color":"#ffffff","margin":{"unit":"px","top":"0","right":0,"bottom":"0","left":0,"isLinked":true}},"elements":[{"id":"yyganmf","elType":"column","settings":{"_column_size":100,"_inline_size":null,"padding":{"unit":"px","top":"0","right":"0","bottom":"0","left":"0","isLinked":true}},"elements":[{"id":"hfxhbmq","elType":"widget","settings":{"image":{"url":"http:\/\/t-eventrent.be\/wp-content\/uploads\/2017\/07\/16x6.jpg","id":119},"image_size":"custom","image_custom_dimension":{"width":"500","height":"500"},"_margin":{"unit":"px","top":"0","right":"0","bottom":"-20","left":"0","isLinked":false},"_background_background":"classic","_background_color":"#ffffff"},"elements":[],"widgetType":"image"},{"id":"oepblix","elType":"widget","settings":{"title":"Muurtent 16x6m","header_size":"h3","title_color":"#576255","_margin":{"unit":"px","top":"0","right":"0","bottom":"0","left":"0","isLinked":false},"_padding":{"unit":"em","top":"1","right":"0","bottom":"0","left":"1","isLinked":false},"_background_background":"classic","_background_color":"#ffffff"},"elements":[],"widgetType":"heading"},{"id":"blozxws","elType":"widget","settings":{"button_type":"info","text":"Meer","size":"xs","typography_typography":"custom","typography_font_size":{"unit":"em","size":1},"typography_font_family":"Roboto Condensed","typography_font_weight":"500","typography_text_transform":"uppercase","typography_line_height":{"unit":"em","size":0.7},"typography_letter_spacing":{"unit":"px","size":0.1},"button_text_color":"#000000","background_color":"#f7dd72","hover_color":"#000000","button_background_hover_color":"#94e8b4","text_padding":{"unit":"px","top":"0","right":"0","bottom":"0","left":"0","isLinked":true},"_margin":{"unit":"px","top":"-15","right":"0","bottom":"0","left":"0","isLinked":false},"_padding":{"unit":"em","top":"0","right":"0","bottom":"00.4","left":"1","isLinked":false},"_background_background":"classic","_background_color":"#ffffff","link":{"url":"tenten\/16x6","is_external":"","nofollow":""}},"elements":[],"widgetType":"button"}],"isInner":true}],"isInner":true}],"isInner":false}],"isInner":false}],"data":[{"id":"zvxblys","settings":{"gap":"no","structure":"40","margin":{"unit":"px","top":"50","right":0,"bottom":"50","left":0,"isLinked":true},"stretch_section":"section-stretched","content_width":{"unit":"px","size":1200},"background_background":"classic","background_color":"#efefef","padding":{"unit":"px","top":"020","right":"0","bottom":"020","left":"0","isLinked":false}},"elements":[{"id":"ilyfyss","settings":{"_column_size":25,"_inline_size":null,"margin":{"unit":"px","top":"0","right":"10","bottom":"0","left":"10","isLinked":false}},"elements":[{"id":"jtvjqar","settings":{"background_background":"classic","background_color":"#ffffff","margin":{"unit":"px","top":"0","right":0,"bottom":"0","left":0,"isLinked":true}},"elements":[{"id":"bpazieg","settings":{"_column_size":100,"_inline_size":null,"padding":{"unit":"px","top":"0","right":"0","bottom":"0","left":"0","isLinked":true}},"elements":[{"id":"bnxjvsw","settings":{"image":{"url":"http:\/\/t-eventrent.be\/wp-content\/uploads\/2017\/07\/4x4.jpg","id":116},"image_size":"custom","image_custom_dimension":{"width":"500","height":"500"},"_margin":{"unit":"px","top":"0","right":"0","bottom":"-20","left":"0","isLinked":false},"_background_background":"classic","_background_color":"#ffffff"},"elements":[],"isInner":false,"widgetType":"image","elType":"widget"},{"id":"mxtwwqm","settings":{"title":"Patrouilletent 4x4m","header_size":"h3","title_color":"#576255","_margin":{"unit":"px","top":"0","right":"0","bottom":"0","left":"0","isLinked":false},"_padding":{"unit":"em","top":"1","right":"0","bottom":"0","left":"1","isLinked":false},"_background_background":"classic","_background_color":"#ffffff"},"elements":[],"isInner":false,"widgetType":"heading","elType":"widget"},{"id":"mwjowrw","settings":{"button_type":"info","text":"Meer","size":"xs","typography_typography":"custom","typography_font_size":{"unit":"em","size":1},"typography_font_family":"Roboto Condensed","typography_font_weight":"500","typography_text_transform":"uppercase","typography_line_height":{"unit":"em","size":0.7},"typography_letter_spacing":{"unit":"px","size":0.1},"button_text_color":"#000000","background_color":"#f7dd72","hover_color":"#000000","button_background_hover_color":"#94e8b4","text_padding":{"unit":"px","top":"0","right":"0","bottom":"0","left":"0","isLinked":true},"_margin":{"unit":"px","top":"-15","right":"0","bottom":"0","left":"0","isLinked":false},"_padding":{"unit":"em","top":"0","right":"0","bottom":"0.4","left":"1","isLinked":false},"_background_background":"classic","_background_color":"#ffffff","link":{"url":"tenten\/4x4","is_external":"","nofollow":""}},"elements":[],"isInner":false,"widgetType":"button","elType":"widget"}],"isInner":true,"elType":"column"}],"isInner":true,"elType":"section"}],"isInner":false,"elType":"column"},{"id":"cumrorq","settings":{"_column_size":25,"_inline_size":null,"margin":{"unit":"px","top":"0","right":"10","bottom":"0","left":"10","isLinked":false}},"elements":[{"id":"ftzsflu","settings":{"background_background":"classic","background_color":"#ffffff","margin":{"unit":"px","top":"0","right":0,"bottom":"0","left":0,"isLinked":true}},"elements":[{"id":"twzpheg","settings":{"_column_size":100,"_inline_size":null,"padding":{"unit":"px","top":"0","right":"0","bottom":"0","left":"0","isLinked":true}},"elements":[{"id":"ytbhlwz","settings":{"image":{"url":"http:\/\/t-eventrent.be\/wp-content\/uploads\/2017\/07\/4x6.jpg","id":117},"image_size":"custom","image_custom_dimension":{"width":"500","height":"500"},"_margin":{"unit":"px","top":"0","right":"0","bottom":"-20","left":"0","isLinked":false},"_background_background":"classic","_background_color":"#ffffff"},"elements":[],"isInner":false,"widgetType":"image","elType":"widget"},{"id":"hdwlnfz","settings":{"title":"Patrouilletent 4x6m","header_size":"h3","title_color":"#576255","_margin":{"unit":"px","top":"0","right":"0","bottom":"0","left":"0","isLinked":false},"_padding":{"unit":"em","top":"1","right":"0","bottom":"0","left":"1","isLinked":false},"_background_background":"classic","_background_color":"#ffffff"},"elements":[],"isInner":false,"widgetType":"heading","elType":"widget"},{"id":"zmwjytk","settings":{"button_type":"info","text":"Meer","size":"xs","typography_typography":"custom","typography_font_size":{"unit":"em","size":1},"typography_font_family":"Roboto Condensed","typography_font_weight":"500","typography_text_transform":"uppercase","typography_line_height":{"unit":"em","size":0.7},"typography_letter_spacing":{"unit":"px","size":0.1},"button_text_color":"#000000","background_color":"#f7dd72","hover_color":"#000000","button_background_hover_color":"#94e8b4","text_padding":{"unit":"px","top":"0","right":"0","bottom":"0","left":"0","isLinked":true},"_margin":{"unit":"px","top":"-15","right":"0","bottom":"0","left":"0","isLinked":false},"_padding":{"unit":"em","top":"0","right":"0","bottom":"00.4","left":"1","isLinked":false},"_background_background":"classic","_background_color":"#ffffff","link":{"url":"tenten\/4x6","is_external":"","nofollow":""}},"elements":[],"isInner":false,"widgetType":"button","elType":"widget"}],"isInner":true,"elType":"column"}],"isInner":true,"elType":"section"}],"isInner":false,"elType":"column"},{"id":"eumyyap","settings":{"_column_size":25,"_inline_size":null,"margin":{"unit":"px","top":"0","right":"10","bottom":"0","left":"10","isLinked":false}},"elements":[{"id":"bxalvme","settings":{"background_background":"classic","background_color":"#ffffff","margin":{"unit":"px","top":"0","right":0,"bottom":"0","left":0,"isLinked":true}},"elements":[{"id":"cbqkcfb","settings":{"_column_size":100,"_inline_size":null,"padding":{"unit":"px","top":"0","right":"0","bottom":"0","left":"0","isLinked":true}},"elements":[{"id":"qyjbunj","settings":{"image":{"url":"http:\/\/t-eventrent.be\/wp-content\/uploads\/2017\/07\/10x5.jpg","id":118},"image_size":"custom","image_custom_dimension":{"width":"500","height":"500"},"_margin":{"unit":"px","top":"0","right":"0","bottom":"-20","left":"0","isLinked":false},"_background_background":"classic","_background_color":"#ffffff"},"elements":[],"isInner":false,"widgetType":"image","elType":"widget"},{"id":"kpogrxt","settings":{"title":"Muurtent 10x5m","header_size":"h3","title_color":"#576255","_margin":{"unit":"px","top":"0","right":"0","bottom":"0","left":"0","isLinked":false},"_padding":{"unit":"em","top":"1","right":"0","bottom":"0","left":"1","isLinked":false},"_background_background":"classic","_background_color":"#ffffff"},"elements":[],"isInner":false,"widgetType":"heading","elType":"widget"},{"id":"zxpafpe","settings":{"button_type":"info","text":"Meer","size":"xs","typography_typography":"custom","typography_font_size":{"unit":"em","size":1},"typography_font_family":"Roboto Condensed","typography_font_weight":"500","typography_text_transform":"uppercase","typography_line_height":{"unit":"em","size":0.7},"typography_letter_spacing":{"unit":"px","size":0.1},"button_text_color":"#000000","background_color":"#f7dd72","hover_color":"#000000","button_background_hover_color":"#94e8b4","text_padding":{"unit":"px","top":"0","right":"0","bottom":"0","left":"0","isLinked":true},"_margin":{"unit":"px","top":"-15","right":"0","bottom":"0","left":"0","isLinked":false},"_padding":{"unit":"em","top":"0","right":"0","bottom":"00.4","left":"1","isLinked":false},"_background_background":"classic","_background_color":"#ffffff","link":{"url":"tenten\/10x5","is_external":"","nofollow":""}},"elements":[],"isInner":false,"widgetType":"button","elType":"widget"}],"isInner":true,"elType":"column"}],"isInner":true,"elType":"section"}],"isInner":false,"elType":"column"},{"id":"dacxvkd","settings":{"_column_size":25,"_inline_size":null,"margin":{"unit":"px","top":"0","right":"10","bottom":"0","left":"10","isLinked":false}},"elements":[{"id":"liufxhy","settings":{"background_background":"classic","background_color":"#ffffff","margin":{"unit":"px","top":"0","right":0,"bottom":"0","left":0,"isLinked":true}},"elements":[{"id":"yyganmf","settings":{"_column_size":100,"_inline_size":null,"padding":{"unit":"px","top":"0","right":"0","bottom":"0","left":"0","isLinked":true}},"elements":[{"id":"hfxhbmq","settings":{"image":{"url":"http:\/\/t-eventrent.be\/wp-content\/uploads\/2017\/07\/16x6.jpg","id":119},"image_size":"custom","image_custom_dimension":{"width":"500","height":"500"},"_margin":{"unit":"px","top":"0","right":"0","bottom":"-20","left":"0","isLinked":false},"_background_background":"classic","_background_color":"#ffffff"},"elements":[],"isInner":false,"widgetType":"image","elType":"widget"},{"id":"oepblix","settings":{"title":"Muurtent 16x6m","header_size":"h3","title_color":"#576255","_margin":{"unit":"px","top":"0","right":"0","bottom":"0","left":"0","isLinked":false},"_padding":{"unit":"em","top":"1","right":"0","bottom":"0","left":"1","isLinked":false},"_background_background":"classic","_background_color":"#ffffff"},"elements":[],"isInner":false,"widgetType":"heading","elType":"widget"},{"id":"blozxws","settings":{"button_type":"info","text":"Meer","size":"xs","typography_typography":"custom","typography_font_size":{"unit":"em","size":1},"typography_font_family":"Roboto Condensed","typography_font_weight":"500","typography_text_transform":"uppercase","typography_line_height":{"unit":"em","size":0.7},"typography_letter_spacing":{"unit":"px","size":0.1},"button_text_color":"#000000","background_color":"#f7dd72","hover_color":"#000000","button_background_hover_color":"#94e8b4","text_padding":{"unit":"px","top":"0","right":"0","bottom":"0","left":"0","isLinked":true},"_margin":{"unit":"px","top":"-15","right":"0","bottom":"0","left":"0","isLinked":false},"_padding":{"unit":"em","top":"0","right":"0","bottom":"00.4","left":"1","isLinked":false},"_background_background":"classic","_background_color":"#ffffff","link":{"url":"tenten\/16x6","is_external":"","nofollow":""}},"elements":[],"isInner":false,"widgetType":"button","elType":"widget"}],"isInner":true,"elType":"column"}],"isInner":true,"elType":"section"}],"isInner":false,"elType":"column"}],"isInner":false,"elType":"section"}]}