{"version":"0.4","title":"Tentensectie-just","type":"section","content":[{"id":"htmvowp","elType":"section","settings":{"structure":"50"},"elements":[{"id":"chgzkcj","elType":"column","settings":{"_column_size":20,"_inline_size":null},"elements":[{"id":"mylajbq","elType":"widget","settings":{"title":"Muurtent 16x6m","size":"small","align":"center"},"elements":[],"widgetType":"heading"},{"id":"kurfgtb","elType":"widget","settings":{"image":{"url":"http:\/\/t-eventrent.be\/wp-content\/uploads\/2017\/10\/HalfOpen-2.jpg","id":1171},"image_size":"custom","image_custom_dimension":{"width":"200","height":"130"}},"elements":[],"widgetType":"image"},{"id":"ksudpze","elType":"widget","settings":{"text":"Meer info","link":{"url":"http:\/\/t-eventrent.be\/tenten\/16x6\/","is_external":"","nofollow":""},"align":"center"},"elements":[],"widgetType":"button"}],"isInner":false},{"id":"bciyzhf","elType":"column","settings":{"_column_size":20,"_inline_size":null},"elements":[{"id":"ninfuus","elType":"widget","settings":{"title":"Techno Kube-tent 10x10m","size":"small","align":"center"},"elements":[],"widgetType":"heading"},{"id":"vspmwks","elType":"widget","settings":{"image":{"url":"http:\/\/t-eventrent.be\/wp-content\/uploads\/2017\/10\/IMG_20170924_184148_014.jpg","id":1191},"image_size":"custom","image_custom_dimension":{"width":"200","height":"130"}},"elements":[],"widgetType":"image"},{"id":"rnztquu","elType":"widget","settings":{"text":"Meer info","link":{"url":"http:\/\/t-eventrent.be\/tenten\/techno-kube-tent-10x10m\/","is_external":"","nofollow":""},"align":"center"},"elements":[],"widgetType":"button"}],"isInner":false},{"id":"hhocjed","elType":"column","settings":{"_column_size":20,"_inline_size":null},"elements":[{"id":"uvfslbe","elType":"widget","settings":{"title":"PAtrouilletent 4X4M","size":"small","align":"center"},"elements":[],"widgetType":"heading"},{"id":"hdsueoo","elType":"widget","settings":{"image":{"url":"http:\/\/t-eventrent.be\/wp-content\/uploads\/2017\/07\/verhuur.jpeg","id":181}},"elements":[],"widgetType":"image"},{"id":"gisxstj","elType":"widget","settings":{"text":"Meer info","link":{"url":"http:\/\/t-eventrent.be\/tenten\/4x4\/","is_external":"","nofollow":""},"align":"center"},"elements":[],"widgetType":"button"}],"isInner":false},{"id":"jdeftqx","elType":"column","settings":{"_column_size":20,"_inline_size":null},"elements":[{"id":"yxswoah","elType":"widget","settings":{"title":"MUURTENT 10X5M","size":"small","align":"center"},"elements":[],"widgetType":"heading"},{"id":"erdmtjp","elType":"widget","settings":{"image":{"url":"http:\/\/t-eventrent.be\/wp-content\/uploads\/2017\/07\/10x5.jpg","id":118}},"elements":[],"widgetType":"image"},{"id":"bcpfhsq","elType":"widget","settings":{"text":"Meer info","link":{"url":"http:\/\/t-eventrent.be\/tenten\/10x5\/","is_external":"","nofollow":""},"align":"center"},"elements":[],"widgetType":"button"}],"isInner":false},{"id":"gytwhuu","elType":"column","settings":{"_column_size":20,"_inline_size":null},"elements":[{"id":"hiotvfg","elType":"widget","settings":{"title":"PATROUILLETENT 4X6M","size":"small"},"elements":[],"widgetType":"heading"},{"id":"zvlqbow","elType":"widget","settings":{"image":{"url":"http:\/\/t-eventrent.be\/wp-content\/uploads\/2017\/09\/03.jpg","id":796}},"elements":[],"widgetType":"image"},{"id":"wwwzpfn","elType":"widget","settings":{"text":"Meer info","link":{"url":"http:\/\/t-eventrent.be\/tenten\/4x6\/","is_external":"","nofollow":""},"align":"center"},"elements":[],"widgetType":"button"}],"isInner":false}],"isInner":false}],"data":[{"id":"htmvowp","settings":{"structure":"50"},"elements":[{"id":"chgzkcj","settings":{"_column_size":20,"_inline_size":null},"elements":[{"id":"mylajbq","settings":{"title":"Muurtent 16x6m","size":"small","align":"center"},"elements":[],"isInner":false,"widgetType":"heading","elType":"widget"},{"id":"kurfgtb","settings":{"image":{"url":"http:\/\/t-eventrent.be\/wp-content\/uploads\/2017\/10\/HalfOpen-2.jpg","id":1171},"image_size":"custom","image_custom_dimension":{"width":"200","height":"130"}},"elements":[],"isInner":false,"widgetType":"image","elType":"widget"},{"id":"ksudpze","settings":{"text":"Meer info","link":{"url":"http:\/\/t-eventrent.be\/tenten\/16x6\/","is_external":"","nofollow":""},"align":"center"},"elements":[],"isInner":false,"widgetType":"button","elType":"widget"}],"isInner":false,"elType":"column"},{"id":"bciyzhf","settings":{"_column_size":20,"_inline_size":null},"elements":[{"id":"ninfuus","settings":{"title":"Techno Kube-tent 10x10m","size":"small","align":"center"},"elements":[],"isInner":false,"widgetType":"heading","elType":"widget"},{"id":"vspmwks","settings":{"image":{"url":"http:\/\/t-eventrent.be\/wp-content\/uploads\/2017\/10\/IMG_20170924_184148_014.jpg","id":1191},"image_size":"custom","image_custom_dimension":{"width":"200","height":"130"}},"elements":[],"isInner":false,"widgetType":"image","elType":"widget"},{"id":"rnztquu","settings":{"text":"Meer info","link":{"url":"http:\/\/t-eventrent.be\/tenten\/techno-kube-tent-10x10m\/","is_external":"","nofollow":""},"align":"center"},"elements":[],"isInner":false,"widgetType":"button","elType":"widget"}],"isInner":false,"elType":"column"},{"id":"hhocjed","settings":{"_column_size":20,"_inline_size":null},"elements":[{"id":"uvfslbe","settings":{"title":"PAtrouilletent 4X4M","size":"small","align":"center"},"elements":[],"isInner":false,"widgetType":"heading","elType":"widget"},{"id":"hdsueoo","settings":{"image":{"url":"http:\/\/t-eventrent.be\/wp-content\/uploads\/2017\/07\/verhuur.jpeg","id":181}},"elements":[],"isInner":false,"widgetType":"image","elType":"widget"},{"id":"gisxstj","settings":{"text":"Meer info","link":{"url":"http:\/\/t-eventrent.be\/tenten\/4x4\/","is_external":"","nofollow":""},"align":"center"},"elements":[],"isInner":false,"widgetType":"button","elType":"widget"}],"isInner":false,"elType":"column"},{"id":"jdeftqx","settings":{"_column_size":20,"_inline_size":null},"elements":[{"id":"yxswoah","settings":{"title":"MUURTENT 10X5M","size":"small","align":"center"},"elements":[],"isInner":false,"widgetType":"heading","elType":"widget"},{"id":"erdmtjp","settings":{"image":{"url":"http:\/\/t-eventrent.be\/wp-content\/uploads\/2017\/07\/10x5.jpg","id":118}},"elements":[],"isInner":false,"widgetType":"image","elType":"widget"},{"id":"bcpfhsq","settings":{"text":"Meer info","link":{"url":"http:\/\/t-eventrent.be\/tenten\/10x5\/","is_external":"","nofollow":""},"align":"center"},"elements":[],"isInner":false,"widgetType":"button","elType":"widget"}],"isInner":false,"elType":"column"},{"id":"gytwhuu","settings":{"_column_size":20,"_inline_size":null},"elements":[{"id":"hiotvfg","settings":{"title":"PATROUILLETENT 4X6M","size":"small"},"elements":[],"isInner":false,"widgetType":"heading","elType":"widget"},{"id":"zvlqbow","settings":{"image":{"url":"http:\/\/t-eventrent.be\/wp-content\/uploads\/2017\/09\/03.jpg","id":796}},"elements":[],"isInner":false,"widgetType":"image","elType":"widget"},{"id":"wwwzpfn","settings":{"text":"Meer info","link":{"url":"http:\/\/t-eventrent.be\/tenten\/4x6\/","is_external":"","nofollow":""},"align":"center"},"elements":[],"isInner":false,"widgetType":"button","elType":"widget"}],"isInner":false,"elType":"column"}],"isInner":false,"elType":"section"}]}