{"version":"0.4","title":"Tenten","type":"section","content":[{"id":"pkdoroy","elType":"section","settings":{"gap":"no","structure":"40","margin":{"unit":"px","top":"50","right":0,"bottom":"50","left":0,"isLinked":true},"stretch_section":"section-stretched","content_width":{"unit":"px","size":1200}},"elements":[{"id":"kcfbamw","elType":"column","settings":{"_column_size":25,"_inline_size":null,"margin":{"unit":"px","top":"0","right":"10","bottom":"0","left":"10","isLinked":false}},"elements":[{"id":"wekogdo","elType":"section","settings":{"background_background":"classic","background_color":"#ffffff","margin":{"unit":"px","top":"0","right":0,"bottom":"0","left":0,"isLinked":true}},"elements":[{"id":"ejcrvda","elType":"column","settings":{"_column_size":100,"_inline_size":null,"padding":{"unit":"px","top":"0","right":"0","bottom":"0","left":"0","isLinked":true}},"elements":[{"id":"wzugprh","elType":"widget","settings":{"image":{"url":"http:\/\/t-eventrent.be\/wp-content\/uploads\/2017\/07\/4x4.jpg","id":116},"image_size":"custom","image_custom_dimension":{"width":"500","height":"500"},"_margin":{"unit":"px","top":"0","right":"0","bottom":"-20","left":"0","isLinked":false},"_background_background":"classic","_background_color":"#ffffff"},"elements":[],"widgetType":"image"},{"id":"ylfnhce","elType":"widget","settings":{"title":"Patrouilletent 4x4m","header_size":"h3","title_color":"#576255","_margin":{"unit":"px","top":"0","right":"0","bottom":"0","left":"0","isLinked":false},"_padding":{"unit":"em","top":"1","right":"0","bottom":"0","left":"1","isLinked":false},"_background_background":"classic","_background_color":"#ffffff"},"elements":[],"widgetType":"heading"},{"id":"qjymslf","elType":"widget","settings":{"button_type":"info","text":"Meer","size":"xs","typography_typography":"custom","typography_font_size":{"unit":"em","size":1},"typography_font_family":"Roboto Condensed","typography_font_weight":"500","typography_text_transform":"uppercase","typography_line_height":{"unit":"em","size":0.7},"typography_letter_spacing":{"unit":"px","size":0.1},"button_text_color":"#000000","background_color":"#f7dd72","hover_color":"#000000","button_background_hover_color":"#94e8b4","text_padding":{"unit":"px","top":"0","right":"0","bottom":"0","left":"0","isLinked":true},"_margin":{"unit":"px","top":"-15","right":"0","bottom":"0","left":"0","isLinked":false},"_padding":{"unit":"em","top":"0","right":"0","bottom":"0.4","left":"1","isLinked":false},"_background_background":"classic","_background_color":"#ffffff","link":{"url":"tenten\/4x4","is_external":"","nofollow":""}},"elements":[],"widgetType":"button"}],"isInner":true}],"isInner":true}],"isInner":false},{"id":"gfyzwkg","elType":"column","settings":{"_column_size":25,"_inline_size":null,"margin":{"unit":"px","top":"0","right":"10","bottom":"0","left":"10","isLinked":false}},"elements":[{"id":"ibzvqwl","elType":"section","settings":{"background_background":"classic","background_color":"#ffffff","margin":{"unit":"px","top":"0","right":0,"bottom":"0","left":0,"isLinked":true}},"elements":[{"id":"hyifgcj","elType":"column","settings":{"_column_size":100,"_inline_size":null,"padding":{"unit":"px","top":"0","right":"0","bottom":"0","left":"0","isLinked":true}},"elements":[{"id":"ymffubs","elType":"widget","settings":{"image":{"url":"http:\/\/t-eventrent.be\/wp-content\/uploads\/2017\/07\/4x6.jpg","id":117},"image_size":"custom","image_custom_dimension":{"width":"500","height":"500"},"_margin":{"unit":"px","top":"0","right":"0","bottom":"-20","left":"0","isLinked":false},"_background_background":"classic","_background_color":"#ffffff"},"elements":[],"widgetType":"image"},{"id":"kodknru","elType":"widget","settings":{"title":"Patrouilletent 4x6m","header_size":"h3","title_color":"#576255","_margin":{"unit":"px","top":"0","right":"0","bottom":"0","left":"0","isLinked":false},"_padding":{"unit":"em","top":"1","right":"0","bottom":"0","left":"1","isLinked":false},"_background_background":"classic","_background_color":"#ffffff"},"elements":[],"widgetType":"heading"},{"id":"zuzdydz","elType":"widget","settings":{"button_type":"info","text":"Meer","size":"xs","typography_typography":"custom","typography_font_size":{"unit":"em","size":1},"typography_font_family":"Roboto Condensed","typography_font_weight":"500","typography_text_transform":"uppercase","typography_line_height":{"unit":"em","size":0.7},"typography_letter_spacing":{"unit":"px","size":0.1},"button_text_color":"#000000","background_color":"#f7dd72","hover_color":"#000000","button_background_hover_color":"#94e8b4","text_padding":{"unit":"px","top":"0","right":"0","bottom":"0","left":"0","isLinked":true},"_margin":{"unit":"px","top":"-15","right":"0","bottom":"0","left":"0","isLinked":false},"_padding":{"unit":"em","top":"0","right":"0","bottom":"00.4","left":"1","isLinked":false},"_background_background":"classic","_background_color":"#ffffff","link":{"url":"tenten\/4x6","is_external":"","nofollow":""}},"elements":[],"widgetType":"button"}],"isInner":true}],"isInner":true}],"isInner":false},{"id":"tqkjspv","elType":"column","settings":{"_column_size":25,"_inline_size":null,"margin":{"unit":"px","top":"0","right":"10","bottom":"0","left":"10","isLinked":false}},"elements":[{"id":"hforaic","elType":"section","settings":{"background_background":"classic","background_color":"#ffffff","margin":{"unit":"px","top":"0","right":0,"bottom":"0","left":0,"isLinked":true}},"elements":[{"id":"ynyknlq","elType":"column","settings":{"_column_size":100,"_inline_size":null,"padding":{"unit":"px","top":"0","right":"0","bottom":"0","left":"0","isLinked":true}},"elements":[{"id":"uqbpqrp","elType":"widget","settings":{"image":{"url":"http:\/\/t-eventrent.be\/wp-content\/uploads\/2017\/07\/10x5.jpg","id":118},"image_size":"custom","image_custom_dimension":{"width":"500","height":"500"},"_margin":{"unit":"px","top":"0","right":"0","bottom":"-20","left":"0","isLinked":false},"_background_background":"classic","_background_color":"#ffffff"},"elements":[],"widgetType":"image"},{"id":"pafblox","elType":"widget","settings":{"title":"Muurtent 10x5m","header_size":"h3","title_color":"#576255","_margin":{"unit":"px","top":"0","right":"0","bottom":"0","left":"0","isLinked":false},"_padding":{"unit":"em","top":"1","right":"0","bottom":"0","left":"1","isLinked":false},"_background_background":"classic","_background_color":"#ffffff"},"elements":[],"widgetType":"heading"},{"id":"mzkdezn","elType":"widget","settings":{"button_type":"info","text":"Meer","size":"xs","typography_typography":"custom","typography_font_size":{"unit":"em","size":1},"typography_font_family":"Roboto Condensed","typography_font_weight":"500","typography_text_transform":"uppercase","typography_line_height":{"unit":"em","size":0.7},"typography_letter_spacing":{"unit":"px","size":0.1},"button_text_color":"#000000","background_color":"#f7dd72","hover_color":"#000000","button_background_hover_color":"#94e8b4","text_padding":{"unit":"px","top":"0","right":"0","bottom":"0","left":"0","isLinked":true},"_margin":{"unit":"px","top":"-15","right":"0","bottom":"0","left":"0","isLinked":false},"_padding":{"unit":"em","top":"0","right":"0","bottom":"00.4","left":"1","isLinked":false},"_background_background":"classic","_background_color":"#ffffff","link":{"url":"tenten\/10x5","is_external":"","nofollow":""}},"elements":[],"widgetType":"button"}],"isInner":true}],"isInner":true}],"isInner":false},{"id":"jnijdhd","elType":"column","settings":{"_column_size":25,"_inline_size":null,"margin":{"unit":"px","top":"0","right":"10","bottom":"0","left":"10","isLinked":false}},"elements":[{"id":"rnrynko","elType":"section","settings":{"background_background":"classic","background_color":"#ffffff","margin":{"unit":"px","top":"0","right":0,"bottom":"0","left":0,"isLinked":true}},"elements":[{"id":"uxsxswb","elType":"column","settings":{"_column_size":100,"_inline_size":null,"padding":{"unit":"px","top":"0","right":"0","bottom":"0","left":"0","isLinked":true}},"elements":[{"id":"gtyxiqc","elType":"widget","settings":{"image":{"url":"http:\/\/t-eventrent.be\/wp-content\/uploads\/2017\/07\/16x6.jpg","id":119},"image_size":"custom","image_custom_dimension":{"width":"500","height":"500"},"_margin":{"unit":"px","top":"0","right":"0","bottom":"-20","left":"0","isLinked":false},"_background_background":"classic","_background_color":"#ffffff"},"elements":[],"widgetType":"image"},{"id":"xeexsla","elType":"widget","settings":{"title":"Muurtent 16x6m","header_size":"h3","title_color":"#576255","_margin":{"unit":"px","top":"0","right":"0","bottom":"0","left":"0","isLinked":false},"_padding":{"unit":"em","top":"1","right":"0","bottom":"0","left":"1","isLinked":false},"_background_background":"classic","_background_color":"#ffffff"},"elements":[],"widgetType":"heading"},{"id":"prhlwvl","elType":"widget","settings":{"button_type":"info","text":"Meer","size":"xs","typography_typography":"custom","typography_font_size":{"unit":"em","size":1},"typography_font_family":"Roboto Condensed","typography_font_weight":"500","typography_text_transform":"uppercase","typography_line_height":{"unit":"em","size":0.7},"typography_letter_spacing":{"unit":"px","size":0.1},"button_text_color":"#000000","background_color":"#f7dd72","hover_color":"#000000","button_background_hover_color":"#94e8b4","text_padding":{"unit":"px","top":"0","right":"0","bottom":"0","left":"0","isLinked":true},"_margin":{"unit":"px","top":"-15","right":"0","bottom":"0","left":"0","isLinked":false},"_padding":{"unit":"em","top":"0","right":"0","bottom":"00.4","left":"1","isLinked":false},"_background_background":"classic","_background_color":"#ffffff","link":{"url":"tenten\/16x6","is_external":"","nofollow":""}},"elements":[],"widgetType":"button"}],"isInner":true}],"isInner":true}],"isInner":false}],"isInner":false}],"data":[{"id":"pkdoroy","settings":{"gap":"no","structure":"40","margin":{"unit":"px","top":"50","right":0,"bottom":"50","left":0,"isLinked":true},"stretch_section":"section-stretched","content_width":{"unit":"px","size":1200}},"elements":[{"id":"kcfbamw","settings":{"_column_size":25,"_inline_size":null,"margin":{"unit":"px","top":"0","right":"10","bottom":"0","left":"10","isLinked":false}},"elements":[{"id":"wekogdo","settings":{"background_background":"classic","background_color":"#ffffff","margin":{"unit":"px","top":"0","right":0,"bottom":"0","left":0,"isLinked":true}},"elements":[{"id":"ejcrvda","settings":{"_column_size":100,"_inline_size":null,"padding":{"unit":"px","top":"0","right":"0","bottom":"0","left":"0","isLinked":true}},"elements":[{"id":"wzugprh","settings":{"image":{"url":"http:\/\/t-eventrent.be\/wp-content\/uploads\/2017\/07\/4x4.jpg","id":116},"image_size":"custom","image_custom_dimension":{"width":"500","height":"500"},"_margin":{"unit":"px","top":"0","right":"0","bottom":"-20","left":"0","isLinked":false},"_background_background":"classic","_background_color":"#ffffff"},"elements":[],"isInner":false,"widgetType":"image","elType":"widget"},{"id":"ylfnhce","settings":{"title":"Patrouilletent 4x4m","header_size":"h3","title_color":"#576255","_margin":{"unit":"px","top":"0","right":"0","bottom":"0","left":"0","isLinked":false},"_padding":{"unit":"em","top":"1","right":"0","bottom":"0","left":"1","isLinked":false},"_background_background":"classic","_background_color":"#ffffff"},"elements":[],"isInner":false,"widgetType":"heading","elType":"widget"},{"id":"qjymslf","settings":{"button_type":"info","text":"Meer","size":"xs","typography_typography":"custom","typography_font_size":{"unit":"em","size":1},"typography_font_family":"Roboto Condensed","typography_font_weight":"500","typography_text_transform":"uppercase","typography_line_height":{"unit":"em","size":0.7},"typography_letter_spacing":{"unit":"px","size":0.1},"button_text_color":"#000000","background_color":"#f7dd72","hover_color":"#000000","button_background_hover_color":"#94e8b4","text_padding":{"unit":"px","top":"0","right":"0","bottom":"0","left":"0","isLinked":true},"_margin":{"unit":"px","top":"-15","right":"0","bottom":"0","left":"0","isLinked":false},"_padding":{"unit":"em","top":"0","right":"0","bottom":"0.4","left":"1","isLinked":false},"_background_background":"classic","_background_color":"#ffffff","link":{"url":"tenten\/4x4","is_external":"","nofollow":""}},"elements":[],"isInner":false,"widgetType":"button","elType":"widget"}],"isInner":true,"elType":"column"}],"isInner":true,"elType":"section"}],"isInner":false,"elType":"column"},{"id":"gfyzwkg","settings":{"_column_size":25,"_inline_size":null,"margin":{"unit":"px","top":"0","right":"10","bottom":"0","left":"10","isLinked":false}},"elements":[{"id":"ibzvqwl","settings":{"background_background":"classic","background_color":"#ffffff","margin":{"unit":"px","top":"0","right":0,"bottom":"0","left":0,"isLinked":true}},"elements":[{"id":"hyifgcj","settings":{"_column_size":100,"_inline_size":null,"padding":{"unit":"px","top":"0","right":"0","bottom":"0","left":"0","isLinked":true}},"elements":[{"id":"ymffubs","settings":{"image":{"url":"http:\/\/t-eventrent.be\/wp-content\/uploads\/2017\/07\/4x6.jpg","id":117},"image_size":"custom","image_custom_dimension":{"width":"500","height":"500"},"_margin":{"unit":"px","top":"0","right":"0","bottom":"-20","left":"0","isLinked":false},"_background_background":"classic","_background_color":"#ffffff"},"elements":[],"isInner":false,"widgetType":"image","elType":"widget"},{"id":"kodknru","settings":{"title":"Patrouilletent 4x6m","header_size":"h3","title_color":"#576255","_margin":{"unit":"px","top":"0","right":"0","bottom":"0","left":"0","isLinked":false},"_padding":{"unit":"em","top":"1","right":"0","bottom":"0","left":"1","isLinked":false},"_background_background":"classic","_background_color":"#ffffff"},"elements":[],"isInner":false,"widgetType":"heading","elType":"widget"},{"id":"zuzdydz","settings":{"button_type":"info","text":"Meer","size":"xs","typography_typography":"custom","typography_font_size":{"unit":"em","size":1},"typography_font_family":"Roboto Condensed","typography_font_weight":"500","typography_text_transform":"uppercase","typography_line_height":{"unit":"em","size":0.7},"typography_letter_spacing":{"unit":"px","size":0.1},"button_text_color":"#000000","background_color":"#f7dd72","hover_color":"#000000","button_background_hover_color":"#94e8b4","text_padding":{"unit":"px","top":"0","right":"0","bottom":"0","left":"0","isLinked":true},"_margin":{"unit":"px","top":"-15","right":"0","bottom":"0","left":"0","isLinked":false},"_padding":{"unit":"em","top":"0","right":"0","bottom":"00.4","left":"1","isLinked":false},"_background_background":"classic","_background_color":"#ffffff","link":{"url":"tenten\/4x6","is_external":"","nofollow":""}},"elements":[],"isInner":false,"widgetType":"button","elType":"widget"}],"isInner":true,"elType":"column"}],"isInner":true,"elType":"section"}],"isInner":false,"elType":"column"},{"id":"tqkjspv","settings":{"_column_size":25,"_inline_size":null,"margin":{"unit":"px","top":"0","right":"10","bottom":"0","left":"10","isLinked":false}},"elements":[{"id":"hforaic","settings":{"background_background":"classic","background_color":"#ffffff","margin":{"unit":"px","top":"0","right":0,"bottom":"0","left":0,"isLinked":true}},"elements":[{"id":"ynyknlq","settings":{"_column_size":100,"_inline_size":null,"padding":{"unit":"px","top":"0","right":"0","bottom":"0","left":"0","isLinked":true}},"elements":[{"id":"uqbpqrp","settings":{"image":{"url":"http:\/\/t-eventrent.be\/wp-content\/uploads\/2017\/07\/10x5.jpg","id":118},"image_size":"custom","image_custom_dimension":{"width":"500","height":"500"},"_margin":{"unit":"px","top":"0","right":"0","bottom":"-20","left":"0","isLinked":false},"_background_background":"classic","_background_color":"#ffffff"},"elements":[],"isInner":false,"widgetType":"image","elType":"widget"},{"id":"pafblox","settings":{"title":"Muurtent 10x5m","header_size":"h3","title_color":"#576255","_margin":{"unit":"px","top":"0","right":"0","bottom":"0","left":"0","isLinked":false},"_padding":{"unit":"em","top":"1","right":"0","bottom":"0","left":"1","isLinked":false},"_background_background":"classic","_background_color":"#ffffff"},"elements":[],"isInner":false,"widgetType":"heading","elType":"widget"},{"id":"mzkdezn","settings":{"button_type":"info","text":"Meer","size":"xs","typography_typography":"custom","typography_font_size":{"unit":"em","size":1},"typography_font_family":"Roboto Condensed","typography_font_weight":"500","typography_text_transform":"uppercase","typography_line_height":{"unit":"em","size":0.7},"typography_letter_spacing":{"unit":"px","size":0.1},"button_text_color":"#000000","background_color":"#f7dd72","hover_color":"#000000","button_background_hover_color":"#94e8b4","text_padding":{"unit":"px","top":"0","right":"0","bottom":"0","left":"0","isLinked":true},"_margin":{"unit":"px","top":"-15","right":"0","bottom":"0","left":"0","isLinked":false},"_padding":{"unit":"em","top":"0","right":"0","bottom":"00.4","left":"1","isLinked":false},"_background_background":"classic","_background_color":"#ffffff","link":{"url":"tenten\/10x5","is_external":"","nofollow":""}},"elements":[],"isInner":false,"widgetType":"button","elType":"widget"}],"isInner":true,"elType":"column"}],"isInner":true,"elType":"section"}],"isInner":false,"elType":"column"},{"id":"jnijdhd","settings":{"_column_size":25,"_inline_size":null,"margin":{"unit":"px","top":"0","right":"10","bottom":"0","left":"10","isLinked":false}},"elements":[{"id":"rnrynko","settings":{"background_background":"classic","background_color":"#ffffff","margin":{"unit":"px","top":"0","right":0,"bottom":"0","left":0,"isLinked":true}},"elements":[{"id":"uxsxswb","settings":{"_column_size":100,"_inline_size":null,"padding":{"unit":"px","top":"0","right":"0","bottom":"0","left":"0","isLinked":true}},"elements":[{"id":"gtyxiqc","settings":{"image":{"url":"http:\/\/t-eventrent.be\/wp-content\/uploads\/2017\/07\/16x6.jpg","id":119},"image_size":"custom","image_custom_dimension":{"width":"500","height":"500"},"_margin":{"unit":"px","top":"0","right":"0","bottom":"-20","left":"0","isLinked":false},"_background_background":"classic","_background_color":"#ffffff"},"elements":[],"isInner":false,"widgetType":"image","elType":"widget"},{"id":"xeexsla","settings":{"title":"Muurtent 16x6m","header_size":"h3","title_color":"#576255","_margin":{"unit":"px","top":"0","right":"0","bottom":"0","left":"0","isLinked":false},"_padding":{"unit":"em","top":"1","right":"0","bottom":"0","left":"1","isLinked":false},"_background_background":"classic","_background_color":"#ffffff"},"elements":[],"isInner":false,"widgetType":"heading","elType":"widget"},{"id":"prhlwvl","settings":{"button_type":"info","text":"Meer","size":"xs","typography_typography":"custom","typography_font_size":{"unit":"em","size":1},"typography_font_family":"Roboto Condensed","typography_font_weight":"500","typography_text_transform":"uppercase","typography_line_height":{"unit":"em","size":0.7},"typography_letter_spacing":{"unit":"px","size":0.1},"button_text_color":"#000000","background_color":"#f7dd72","hover_color":"#000000","button_background_hover_color":"#94e8b4","text_padding":{"unit":"px","top":"0","right":"0","bottom":"0","left":"0","isLinked":true},"_margin":{"unit":"px","top":"-15","right":"0","bottom":"0","left":"0","isLinked":false},"_padding":{"unit":"em","top":"0","right":"0","bottom":"00.4","left":"1","isLinked":false},"_background_background":"classic","_background_color":"#ffffff","link":{"url":"tenten\/16x6","is_external":"","nofollow":""}},"elements":[],"isInner":false,"widgetType":"button","elType":"widget"}],"isInner":true,"elType":"column"}],"isInner":true,"elType":"section"}],"isInner":false,"elType":"column"}],"isInner":false,"elType":"section"}]}