{"version":"0.4","title":"Diensten","type":"section","content":[{"id":"rtxuwfe","elType":"section","settings":{"stretch_section":"section-stretched","content_width":{"unit":"px","size":1200},"structure":"30","margin":{"unit":"px","top":"40","right":0,"bottom":"40","left":0,"isLinked":true}},"elements":[{"id":"fnehiyp","elType":"column","settings":{"_column_size":33,"_inline_size":null},"elements":[{"id":"horxyqk","elType":"section","settings":{"background_background":"classic","background_color":"#ffffff","margin":{"unit":"px","top":"0","right":0,"bottom":"0","left":0,"isLinked":true},"padding":{"unit":"px","top":"0","right":"0","bottom":"0","left":"0","isLinked":true}},"elements":[{"id":"leexfnd","elType":"column","settings":{"_column_size":100,"_inline_size":null,"padding":{"unit":"px","top":"0","right":"0","bottom":"0","left":"0","isLinked":true}},"elements":[{"id":"wzqvuvn","elType":"widget","settings":{"image":{"url":"http:\/\/t-eventrent.be\/wp-content\/uploads\/2017\/07\/feesten-organiseren.jpg","id":106},"_margin":{"unit":"px","top":"0","right":"0","bottom":"0","left":"0","isLinked":true},"custom_css":"selector {\n    min-width: 100%;\n}"},"elements":[],"widgetType":"image"},{"id":"ecmeejo","elType":"widget","settings":{"title":"verhuur","header_size":"h3","align":"left","_margin":{"unit":"%","top":"0","right":"0","bottom":"0","left":"0","isLinked":false},"_padding":{"unit":"px","top":"0","right":"10","bottom":"0","left":"20","isLinked":false},"custom_css":"selector {\n    float: left;\n    max-width: 70%;\n}"},"elements":[],"widgetType":"heading"},{"id":"axwhhrf","elType":"widget","settings":{"text":"Meer","align":"right","size":"xs","typography_typography":"custom","typography_font_size":{"unit":"px","size":11},"typography_font_family":"Roboto Condensed","typography_font_weight":"600","typography_text_transform":"uppercase","button_text_color":"#2d7916","background_color":"rgba(0,0,0,0)","hover_color":"#ffffff","button_background_hover_color":"#2d7916","button_hover_border_color":"#2d7916","border_border":"solid","border_width":{"unit":"px","top":"1","right":"1","bottom":"1","left":"1","isLinked":true},"border_radius":{"unit":"px","top":"71","right":"71","bottom":"71","left":"71","isLinked":true},"text_padding":{"unit":"px","top":"5","right":"20","bottom":"5","left":"20","isLinked":false},"_margin":{"unit":"px","top":"-4","right":"10","bottom":"0","left":"0","isLinked":false},"link":{"url":"\/\/t-eventrent.be\/verhuur","is_external":"","nofollow":""},"_margin_tablet":{"unit":"px","top":"-5","right":"0","bottom":"0","left":"-24","isLinked":false},"custom_css":"selector {\n    float: right;\n}"},"elements":[],"widgetType":"button"},{"id":"yxfwftr","elType":"widget","settings":{"editor":"<p>T-Event is gespecialiseerd in de verhuur van hoge kwaliteit tenten van verschillende formaten.\u00a0T-Event wilt u een totaalpakket aanbieden. Ons verhuurmateriaal zal in perfecte staat aan u geleverd worden.<\/p>","_margin":{"unit":"px","top":"70","right":"20","bottom":"0","left":"20","isLinked":false},"_padding":{"unit":"px","top":"0","right":"0","bottom":"5","left":"0","isLinked":false},"text_color":"#050505","_background_background":"classic","_background_color":"#ffffff"},"elements":[],"widgetType":"text-editor"}],"isInner":true}],"isInner":true}],"isInner":false},{"id":"ijwqpwd","elType":"column","settings":{"_column_size":33,"_inline_size":null},"elements":[{"id":"cwowfdp","elType":"section","settings":{"background_background":"classic","background_color":"#ffffff","margin":{"unit":"px","top":"0","right":0,"bottom":"0","left":0,"isLinked":true},"padding":{"unit":"px","top":"0","right":"0","bottom":"0","left":"0","isLinked":true}},"elements":[{"id":"usjynke","elType":"column","settings":{"_column_size":100,"_inline_size":null,"padding":{"unit":"px","top":"0","right":"0","bottom":"0","left":"0","isLinked":true}},"elements":[{"id":"mkkwrkb","elType":"widget","settings":{"image":{"url":"http:\/\/t-eventrent.be\/wp-content\/uploads\/2017\/07\/verkoop.jpg","id":107},"_margin":{"unit":"px","top":"0","right":"0","bottom":"0","left":"0","isLinked":true},"custom_css":"selector {\n    min-width: 100%;\n}"},"elements":[],"widgetType":"image"},{"id":"kflpuqs","elType":"widget","settings":{"title":"verkoop","header_size":"h3","align":"left","_margin":{"unit":"%","top":"0","right":"0","bottom":"0","left":"0","isLinked":false},"_padding":{"unit":"px","top":"0","right":"10","bottom":"0","left":"20","isLinked":false},"custom_css":"selector {\n    float: left;\n    max-width: 70%;\n}"},"elements":[],"widgetType":"heading"},{"id":"ycwmgkj","elType":"widget","settings":{"text":"Meer","align":"right","size":"xs","typography_typography":"custom","typography_font_size":{"unit":"px","size":11},"typography_font_family":"Roboto Condensed","typography_font_weight":"600","typography_text_transform":"uppercase","button_text_color":"#2d7916","background_color":"rgba(0,0,0,0)","hover_color":"#ffffff","button_background_hover_color":"#2d7916","button_hover_border_color":"#2d7916","border_border":"solid","border_width":{"unit":"px","top":"1","right":"1","bottom":"1","left":"1","isLinked":true},"border_radius":{"unit":"px","top":"71","right":"71","bottom":"71","left":"71","isLinked":true},"text_padding":{"unit":"px","top":"5","right":"20","bottom":"5","left":"20","isLinked":false},"_margin":{"unit":"px","top":"-4","right":"10","bottom":"0","left":"0","isLinked":false},"link":{"url":"\/\/t-eventrent.be\/verkoop","is_external":"","nofollow":""},"_margin_tablet":{"unit":"px","top":"-5","right":"0","bottom":"0","left":"-24","isLinked":false},"custom_css":"selector {\n    float: right;\n}"},"elements":[],"widgetType":"button"},{"id":"zdwkvpp","elType":"widget","settings":{"editor":"<p>T-Event wilt u een totaalpakket aanbieden. Verhuren is namelijk meer dan (kamp)materiaal aanbieden. Zoekt u een bedrijf dat meer biedt dan verhuurmateriaal? Dan is T-Event een toekomstige partner voor u.<\/p>","_margin":{"unit":"px","top":"70","right":"20","bottom":"0","left":"20","isLinked":false},"_padding":{"unit":"px","top":"0","right":"0","bottom":"5","left":"0","isLinked":false},"text_color":"#050505","_background_background":"classic","_background_color":"#ffffff"},"elements":[],"widgetType":"text-editor"}],"isInner":true}],"isInner":true}],"isInner":false},{"id":"uiehlgs","elType":"column","settings":{"_column_size":33,"_inline_size":null},"elements":[{"id":"gimzqaz","elType":"section","settings":{"background_background":"classic","background_color":"#ffffff","margin":{"unit":"px","top":"0","right":0,"bottom":"0","left":0,"isLinked":true},"padding":{"unit":"px","top":"0","right":"0","bottom":"0","left":"0","isLinked":true}},"elements":[{"id":"ahfksbr","elType":"column","settings":{"_column_size":100,"_inline_size":null,"padding":{"unit":"px","top":"0","right":"0","bottom":"0","left":"0","isLinked":true}},"elements":[{"id":"arsomwu","elType":"widget","settings":{"image":{"url":"http:\/\/t-eventrent.be\/wp-content\/uploads\/2017\/07\/huren.jpg","id":108},"_margin":{"unit":"px","top":"0","right":"0","bottom":"0","left":"0","isLinked":true},"custom_css":"selector {\n    min-width: 100%;\n}"},"elements":[],"widgetType":"image"},{"id":"qfxafku","elType":"widget","settings":{"title":"feest op maat","header_size":"h3","align":"left","_margin":{"unit":"%","top":"0","right":"0","bottom":"0","left":"0","isLinked":false},"_padding":{"unit":"px","top":"0","right":"10","bottom":"0","left":"20","isLinked":false},"link":{"url":"\/\/t-eventrent.be\/feest-op-maat","is_external":"","nofollow":""},"custom_css":"selector {\n    float: left;\n    max-width: 70%;\n}"},"elements":[],"widgetType":"heading"},{"id":"wxvvius","elType":"widget","settings":{"text":"Meer","align":"right","size":"xs","typography_typography":"custom","typography_font_size":{"unit":"px","size":11},"typography_font_family":"Roboto Condensed","typography_font_weight":"600","typography_text_transform":"uppercase","button_text_color":"#2d7916","background_color":"rgba(0,0,0,0)","hover_color":"#ffffff","button_background_hover_color":"#2d7916","button_hover_border_color":"#2d7916","border_border":"solid","border_width":{"unit":"px","top":"1","right":"1","bottom":"1","left":"1","isLinked":true},"border_radius":{"unit":"px","top":"71","right":"71","bottom":"71","left":"71","isLinked":true},"text_padding":{"unit":"px","top":"5","right":"20","bottom":"5","left":"20","isLinked":false},"_margin":{"unit":"px","top":"-4","right":"10","bottom":"0","left":"0","isLinked":false},"link":{"url":"\/\/t-eventrent.be\/feest-op-maat","is_external":"","nofollow":""},"_margin_tablet":{"unit":"px","top":"-5","right":"0","bottom":"0","left":"-24","isLinked":false},"custom_css":"selector {\n    float: right;\n}"},"elements":[],"widgetType":"button"},{"id":"ivrxpao","elType":"widget","settings":{"editor":"<p>Feesten organiseren zit in onze genen. Als oud-scoutsleiders hebben wij voldoende ervaring opgebouwd om een feest in goede banen te leiden. Onze feesten worden het best beschreven als: snel, flexibel, goedkoop &amp; charmevol.<\/p>","_margin":{"unit":"px","top":"70","right":"20","bottom":"0","left":"20","isLinked":false},"_padding":{"unit":"px","top":"0","right":"0","bottom":"5","left":"0","isLinked":false},"text_color":"#050505","_background_background":"classic","_background_color":"#ffffff"},"elements":[],"widgetType":"text-editor"}],"isInner":true}],"isInner":true}],"isInner":false}],"isInner":false}],"data":[{"id":"rtxuwfe","settings":{"stretch_section":"section-stretched","content_width":{"unit":"px","size":1200},"structure":"30","margin":{"unit":"px","top":"40","right":0,"bottom":"40","left":0,"isLinked":true}},"elements":[{"id":"fnehiyp","settings":{"_column_size":33,"_inline_size":null},"elements":[{"id":"horxyqk","settings":{"background_background":"classic","background_color":"#ffffff","margin":{"unit":"px","top":"0","right":0,"bottom":"0","left":0,"isLinked":true},"padding":{"unit":"px","top":"0","right":"0","bottom":"0","left":"0","isLinked":true}},"elements":[{"id":"leexfnd","settings":{"_column_size":100,"_inline_size":null,"padding":{"unit":"px","top":"0","right":"0","bottom":"0","left":"0","isLinked":true}},"elements":[{"id":"wzqvuvn","settings":{"image":{"url":"http:\/\/t-eventrent.be\/wp-content\/uploads\/2017\/07\/feesten-organiseren.jpg","id":106},"_margin":{"unit":"px","top":"0","right":"0","bottom":"0","left":"0","isLinked":true},"custom_css":"selector {\n    min-width: 100%;\n}"},"elements":[],"isInner":false,"widgetType":"image","elType":"widget"},{"id":"ecmeejo","settings":{"title":"verhuur","header_size":"h3","align":"left","_margin":{"unit":"%","top":"0","right":"0","bottom":"0","left":"0","isLinked":false},"_padding":{"unit":"px","top":"0","right":"10","bottom":"0","left":"20","isLinked":false},"custom_css":"selector {\n    float: left;\n    max-width: 70%;\n}"},"elements":[],"isInner":false,"widgetType":"heading","elType":"widget"},{"id":"axwhhrf","settings":{"text":"Meer","align":"right","size":"xs","typography_typography":"custom","typography_font_size":{"unit":"px","size":11},"typography_font_family":"Roboto Condensed","typography_font_weight":"600","typography_text_transform":"uppercase","button_text_color":"#2d7916","background_color":"rgba(0,0,0,0)","hover_color":"#ffffff","button_background_hover_color":"#2d7916","button_hover_border_color":"#2d7916","border_border":"solid","border_width":{"unit":"px","top":"1","right":"1","bottom":"1","left":"1","isLinked":true},"border_radius":{"unit":"px","top":"71","right":"71","bottom":"71","left":"71","isLinked":true},"text_padding":{"unit":"px","top":"5","right":"20","bottom":"5","left":"20","isLinked":false},"_margin":{"unit":"px","top":"-4","right":"10","bottom":"0","left":"0","isLinked":false},"link":{"url":"\/\/t-eventrent.be\/verhuur","is_external":"","nofollow":""},"_margin_tablet":{"unit":"px","top":"-5","right":"0","bottom":"0","left":"-24","isLinked":false},"custom_css":"selector {\n    float: right;\n}"},"elements":[],"isInner":false,"widgetType":"button","elType":"widget"},{"id":"yxfwftr","settings":{"editor":"<p>T-Event is gespecialiseerd in de verhuur van hoge kwaliteit tenten van verschillende formaten.\u00a0T-Event wilt u een totaalpakket aanbieden. Ons verhuurmateriaal zal in perfecte staat aan u geleverd worden.<\/p>","_margin":{"unit":"px","top":"70","right":"20","bottom":"0","left":"20","isLinked":false},"_padding":{"unit":"px","top":"0","right":"0","bottom":"5","left":"0","isLinked":false},"text_color":"#050505","_background_background":"classic","_background_color":"#ffffff"},"elements":[],"isInner":false,"widgetType":"text-editor","elType":"widget"}],"isInner":true,"elType":"column"}],"isInner":true,"elType":"section"}],"isInner":false,"elType":"column"},{"id":"ijwqpwd","settings":{"_column_size":33,"_inline_size":null},"elements":[{"id":"cwowfdp","settings":{"background_background":"classic","background_color":"#ffffff","margin":{"unit":"px","top":"0","right":0,"bottom":"0","left":0,"isLinked":true},"padding":{"unit":"px","top":"0","right":"0","bottom":"0","left":"0","isLinked":true}},"elements":[{"id":"usjynke","settings":{"_column_size":100,"_inline_size":null,"padding":{"unit":"px","top":"0","right":"0","bottom":"0","left":"0","isLinked":true}},"elements":[{"id":"mkkwrkb","settings":{"image":{"url":"http:\/\/t-eventrent.be\/wp-content\/uploads\/2017\/07\/verkoop.jpg","id":107},"_margin":{"unit":"px","top":"0","right":"0","bottom":"0","left":"0","isLinked":true},"custom_css":"selector {\n    min-width: 100%;\n}"},"elements":[],"isInner":false,"widgetType":"image","elType":"widget"},{"id":"kflpuqs","settings":{"title":"verkoop","header_size":"h3","align":"left","_margin":{"unit":"%","top":"0","right":"0","bottom":"0","left":"0","isLinked":false},"_padding":{"unit":"px","top":"0","right":"10","bottom":"0","left":"20","isLinked":false},"custom_css":"selector {\n    float: left;\n    max-width: 70%;\n}"},"elements":[],"isInner":false,"widgetType":"heading","elType":"widget"},{"id":"ycwmgkj","settings":{"text":"Meer","align":"right","size":"xs","typography_typography":"custom","typography_font_size":{"unit":"px","size":11},"typography_font_family":"Roboto Condensed","typography_font_weight":"600","typography_text_transform":"uppercase","button_text_color":"#2d7916","background_color":"rgba(0,0,0,0)","hover_color":"#ffffff","button_background_hover_color":"#2d7916","button_hover_border_color":"#2d7916","border_border":"solid","border_width":{"unit":"px","top":"1","right":"1","bottom":"1","left":"1","isLinked":true},"border_radius":{"unit":"px","top":"71","right":"71","bottom":"71","left":"71","isLinked":true},"text_padding":{"unit":"px","top":"5","right":"20","bottom":"5","left":"20","isLinked":false},"_margin":{"unit":"px","top":"-4","right":"10","bottom":"0","left":"0","isLinked":false},"link":{"url":"\/\/t-eventrent.be\/verkoop","is_external":"","nofollow":""},"_margin_tablet":{"unit":"px","top":"-5","right":"0","bottom":"0","left":"-24","isLinked":false},"custom_css":"selector {\n    float: right;\n}"},"elements":[],"isInner":false,"widgetType":"button","elType":"widget"},{"id":"zdwkvpp","settings":{"editor":"<p>T-Event wilt u een totaalpakket aanbieden. Verhuren is namelijk meer dan (kamp)materiaal aanbieden. Zoekt u een bedrijf dat meer biedt dan verhuurmateriaal? Dan is T-Event een toekomstige partner voor u.<\/p>","_margin":{"unit":"px","top":"70","right":"20","bottom":"0","left":"20","isLinked":false},"_padding":{"unit":"px","top":"0","right":"0","bottom":"5","left":"0","isLinked":false},"text_color":"#050505","_background_background":"classic","_background_color":"#ffffff"},"elements":[],"isInner":false,"widgetType":"text-editor","elType":"widget"}],"isInner":true,"elType":"column"}],"isInner":true,"elType":"section"}],"isInner":false,"elType":"column"},{"id":"uiehlgs","settings":{"_column_size":33,"_inline_size":null},"elements":[{"id":"gimzqaz","settings":{"background_background":"classic","background_color":"#ffffff","margin":{"unit":"px","top":"0","right":0,"bottom":"0","left":0,"isLinked":true},"padding":{"unit":"px","top":"0","right":"0","bottom":"0","left":"0","isLinked":true}},"elements":[{"id":"ahfksbr","settings":{"_column_size":100,"_inline_size":null,"padding":{"unit":"px","top":"0","right":"0","bottom":"0","left":"0","isLinked":true}},"elements":[{"id":"arsomwu","settings":{"image":{"url":"http:\/\/t-eventrent.be\/wp-content\/uploads\/2017\/07\/huren.jpg","id":108},"_margin":{"unit":"px","top":"0","right":"0","bottom":"0","left":"0","isLinked":true},"custom_css":"selector {\n    min-width: 100%;\n}"},"elements":[],"isInner":false,"widgetType":"image","elType":"widget"},{"id":"qfxafku","settings":{"title":"feest op maat","header_size":"h3","align":"left","_margin":{"unit":"%","top":"0","right":"0","bottom":"0","left":"0","isLinked":false},"_padding":{"unit":"px","top":"0","right":"10","bottom":"0","left":"20","isLinked":false},"link":{"url":"\/\/t-eventrent.be\/feest-op-maat","is_external":"","nofollow":""},"custom_css":"selector {\n    float: left;\n    max-width: 70%;\n}"},"elements":[],"isInner":false,"widgetType":"heading","elType":"widget"},{"id":"wxvvius","settings":{"text":"Meer","align":"right","size":"xs","typography_typography":"custom","typography_font_size":{"unit":"px","size":11},"typography_font_family":"Roboto Condensed","typography_font_weight":"600","typography_text_transform":"uppercase","button_text_color":"#2d7916","background_color":"rgba(0,0,0,0)","hover_color":"#ffffff","button_background_hover_color":"#2d7916","button_hover_border_color":"#2d7916","border_border":"solid","border_width":{"unit":"px","top":"1","right":"1","bottom":"1","left":"1","isLinked":true},"border_radius":{"unit":"px","top":"71","right":"71","bottom":"71","left":"71","isLinked":true},"text_padding":{"unit":"px","top":"5","right":"20","bottom":"5","left":"20","isLinked":false},"_margin":{"unit":"px","top":"-4","right":"10","bottom":"0","left":"0","isLinked":false},"link":{"url":"\/\/t-eventrent.be\/feest-op-maat","is_external":"","nofollow":""},"_margin_tablet":{"unit":"px","top":"-5","right":"0","bottom":"0","left":"-24","isLinked":false},"custom_css":"selector {\n    float: right;\n}"},"elements":[],"isInner":false,"widgetType":"button","elType":"widget"},{"id":"ivrxpao","settings":{"editor":"<p>Feesten organiseren zit in onze genen. Als oud-scoutsleiders hebben wij voldoende ervaring opgebouwd om een feest in goede banen te leiden. Onze feesten worden het best beschreven als: snel, flexibel, goedkoop &amp; charmevol.<\/p>","_margin":{"unit":"px","top":"70","right":"20","bottom":"0","left":"20","isLinked":false},"_padding":{"unit":"px","top":"0","right":"0","bottom":"5","left":"0","isLinked":false},"text_color":"#050505","_background_background":"classic","_background_color":"#ffffff"},"elements":[],"isInner":false,"widgetType":"text-editor","elType":"widget"}],"isInner":true,"elType":"column"}],"isInner":true,"elType":"section"}],"isInner":false,"elType":"column"}],"isInner":false,"elType":"section"}]}