{"version":"0.4","title":"Contactgegevens van het team","type":"section","content":[{"id":"yklkume","elType":"section","settings":{"gap":"narrow","custom_height":{"unit":"px","size":44},"structure":"40","custom_css":"selector {\n    line-height: 1.5em;\n}"},"elements":[{"id":"dcyhbvf","elType":"column","settings":{"_column_size":25,"_inline_size":null},"elements":[{"id":"etdruui","elType":"widget","settings":{"editor":"<p><strong>Alexander Thys (FR &amp; NED)<br \/> <\/strong>Bereikbaar na 18uur tijdens weekdagen \u00e9n zaterdag\/zondag.<\/p><p><a href=\"mailto:info@t-eventrent.be\">info@t-eventrent.be<\/a><br \/> <a href=\"https:\/\/api.whatsapp.com\/send?phone=15551234567\"><i class=\"fa fa-whatsapp\"><\/i> +32 4 78 41 66 56<\/a><\/p>"},"elements":[],"widgetType":"text-editor"}],"isInner":false},{"id":"xrlsqhb","elType":"column","settings":{"_column_size":25,"_inline_size":null},"elements":[{"id":"vlusgvq","elType":"widget","settings":{"editor":"<p><strong>Jeroen Van San (NED)<\/strong><br \/> Bereikbaar na 18uur\u00a0 tijdens weekdagen \u00e9n zaterdag\/zondag.<\/p><p><a href=\"mailto:info@t-eventrent.be\">info@t-eventrent.be<\/a><br \/> <a href=\"https:\/\/api.whatsapp.com\/send?phone=15551234567\"><i class=\"fa fa-whatsapp\"><\/i> +32 4 76 36 55 42<\/a><\/p>"},"elements":[],"widgetType":"text-editor"}],"isInner":false},{"id":"hchocpj","elType":"column","settings":{"_column_size":25,"_inline_size":null},"elements":[{"id":"nhyeckb","elType":"widget","settings":{"editor":"<p><strong>Maarten Charlier (NED)<\/strong><br \/> Bereikbaar na 18uur tijdens weekdagen \u00e9n zaterdag\/zondag.<\/p><p><a href=\"mailto:info@t-eventrent.be\">info@t-eventrent.be<\/a><br \/> <a href=\"https:\/\/api.whatsapp.com\/send?phone=15551234567\"><i class=\"fa fa-whatsapp\"><\/i> +32 4 71 68 64 31<\/a><\/p>"},"elements":[],"widgetType":"text-editor"}],"isInner":false},{"id":"ozerqel","elType":"column","settings":{"_column_size":25,"_inline_size":null},"elements":[{"id":"efsbbdv","elType":"widget","settings":{"editor":"<p><strong>Florian Van San (NED)<\/strong><br \/> Bereikbaar na 18uur tijdens weekdagen \u00e9n zaterdag\/zondag.<\/p><p><a href=\"mailto:info@t-eventrent.be\">info@t-eventrent.be<\/a><br \/> <a href=\"https:\/\/api.whatsapp.com\/send?phone=15551234567\"><i class=\"fa fa-whatsapp\"><\/i> +32 4 76 34 99 82<\/a><\/p>"},"elements":[],"widgetType":"text-editor"}],"isInner":false}],"isInner":false},{"id":"pnqblxo","elType":"section","settings":[],"elements":[{"id":"ihbtcgc","elType":"column","settings":{"_column_size":100},"elements":[{"id":"wkzisyo","elType":"widget","settings":{"editor":"<p><em>Voor de snelste reactie kunt u ons een Whatsappbericht sturen!<\/em><\/p><p><a href=\"http:\/\/t-eventrent.be\/wp-content\/uploads\/2017\/09\/Catalogus-T-event-2017-2018.pdf\">Download hier onze nieuwe catalogus<\/a><\/p>","align":"center"},"elements":[],"widgetType":"text-editor"}],"isInner":false}],"isInner":false}],"data":[{"id":"yklkume","settings":{"gap":"narrow","custom_height":{"unit":"px","size":44},"structure":"40","custom_css":"selector {\n    line-height: 1.5em;\n}"},"elements":[{"id":"dcyhbvf","settings":{"_column_size":25,"_inline_size":null},"elements":[{"id":"etdruui","settings":{"editor":"<p><strong>Alexander Thys (FR &amp; NED)<br \/> <\/strong>Bereikbaar na 18uur tijdens weekdagen \u00e9n zaterdag\/zondag.<\/p><p><a href=\"mailto:info@t-eventrent.be\">info@t-eventrent.be<\/a><br \/> <a href=\"https:\/\/api.whatsapp.com\/send?phone=15551234567\"><i class=\"fa fa-whatsapp\"><\/i> +32 4 78 41 66 56<\/a><\/p>"},"elements":[],"isInner":false,"widgetType":"text-editor","elType":"widget"}],"isInner":false,"elType":"column"},{"id":"xrlsqhb","settings":{"_column_size":25,"_inline_size":null},"elements":[{"id":"vlusgvq","settings":{"editor":"<p><strong>Jeroen Van San (NED)<\/strong><br \/> Bereikbaar na 18uur\u00a0 tijdens weekdagen \u00e9n zaterdag\/zondag.<\/p><p><a href=\"mailto:info@t-eventrent.be\">info@t-eventrent.be<\/a><br \/> <a href=\"https:\/\/api.whatsapp.com\/send?phone=15551234567\"><i class=\"fa fa-whatsapp\"><\/i> +32 4 76 36 55 42<\/a><\/p>"},"elements":[],"isInner":false,"widgetType":"text-editor","elType":"widget"}],"isInner":false,"elType":"column"},{"id":"hchocpj","settings":{"_column_size":25,"_inline_size":null},"elements":[{"id":"nhyeckb","settings":{"editor":"<p><strong>Maarten Charlier (NED)<\/strong><br \/> Bereikbaar na 18uur tijdens weekdagen \u00e9n zaterdag\/zondag.<\/p><p><a href=\"mailto:info@t-eventrent.be\">info@t-eventrent.be<\/a><br \/> <a href=\"https:\/\/api.whatsapp.com\/send?phone=15551234567\"><i class=\"fa fa-whatsapp\"><\/i> +32 4 71 68 64 31<\/a><\/p>"},"elements":[],"isInner":false,"widgetType":"text-editor","elType":"widget"}],"isInner":false,"elType":"column"},{"id":"ozerqel","settings":{"_column_size":25,"_inline_size":null},"elements":[{"id":"efsbbdv","settings":{"editor":"<p><strong>Florian Van San (NED)<\/strong><br \/> Bereikbaar na 18uur tijdens weekdagen \u00e9n zaterdag\/zondag.<\/p><p><a href=\"mailto:info@t-eventrent.be\">info@t-eventrent.be<\/a><br \/> <a href=\"https:\/\/api.whatsapp.com\/send?phone=15551234567\"><i class=\"fa fa-whatsapp\"><\/i> +32 4 76 34 99 82<\/a><\/p>"},"elements":[],"isInner":false,"widgetType":"text-editor","elType":"widget"}],"isInner":false,"elType":"column"}],"isInner":false,"elType":"section"},{"id":"pnqblxo","settings":[],"elements":[{"id":"ihbtcgc","settings":{"_column_size":100},"elements":[{"id":"wkzisyo","settings":{"editor":"<p><em>Voor de snelste reactie kunt u ons een Whatsappbericht sturen!<\/em><\/p><p><a href=\"http:\/\/t-eventrent.be\/wp-content\/uploads\/2017\/09\/Catalogus-T-event-2017-2018.pdf\">Download hier onze nieuwe catalogus<\/a><\/p>","align":"center"},"elements":[],"isInner":false,"widgetType":"text-editor","elType":"widget"}],"isInner":false,"elType":"column"}],"isInner":false,"elType":"section"}]}